"2020-11-07 00:00:00","2021-07-19 14:49:57","Amazon Prime Video","","['jeugdserie']","","2014","1320","Saving Zuli",""
"2021-01-02 00:00:00","2021-07-19 14:49:59","Amazon Prime Video","","['actie']","","2008","6540","Street Kings",""
"2020-09-16 00:00:00","2021-07-19 14:49:15","Netflix","","['dramaserie']","","2019","3360","",""
"2019-12-27 00:00:00","2021-07-19 14:49:15","Netflix","","['dramaserie']","","2017","3420","Vår tid är nu",""
"2020-01-01 00:00:00","2021-07-19 14:49:16","Netflix","","['misdaadserie']","","2011","3420","The Bridge",""
"2016-06-01 00:00:00","2030-12-01 00:00:00","Netflix","","","","2015","","In Sickness And In Health",""
"2018-02-17 00:00:00","2021-02-17 00:00:00","Netflix","","","","2013","","Brave Miss World",""
"2018-02-15 00:00:00","2018-11-01 00:00:00","Netflix","","","","2014","","Workin’ For A Livin’",""
"2018-02-15 00:00:00","2018-11-01 00:00:00","Netflix","","","","2014","","Anger Management",""
"2018-02-15 00:00:00","2018-11-01 00:00:00","Netflix","","","","2014","","Father’s Day",""
"2018-01-29 00:00:00","2019-07-29 00:00:00","Netflix","","","","2016","","Episode 12",""
"2018-07-01 00:00:00","2021-07-01 00:00:00","Netflix","","","","2015","","Episode 23",""
"2017-03-31 00:00:00","2021-09-01 00:00:00","Netflix","","","","2016","","Fashion Bloggers Community",""
"2017-03-31 00:00:00","2021-09-01 00:00:00","Netflix","","","","2016","","A Perfect Concert",""
"2016-12-20 00:00:00","2030-12-01 00:00:00","Netflix","","","","2016","","Episode 6",""
"2018-09-15 00:00:00","2021-09-15 00:00:00","Netflix","","","","2017","","Episode 2",""
"2018-09-15 00:00:00","2021-09-15 00:00:00","Netflix","","","","2018","","Episode 5",""
"2018-09-15 00:00:00","2030-01-01 00:00:00","Netflix","","","","2017","","Episode 15",""
"2019-03-18 00:00:00","2030-12-01 00:00:00","Netflix","","","","2018","","Episode 2",""
"2017-05-01 00:00:00","2030-01-01 00:00:00","Netflix","","","","2016","","Episode 1",""
"2017-05-01 00:00:00","2030-01-01 00:00:00","Netflix","","","","2016","","Episode 2",""
"2017-04-21 00:00:00","2022-06-11 00:00:00","Netflix","","","","2017","","Episode 16",""
"2017-04-21 00:00:00","2022-06-11 00:00:00","Netflix","","","","2017","","Episode 15",""
"2017-04-21 00:00:00","2022-06-11 00:00:00","Netflix","","","","2017","","Episode 14",""
"2017-04-21 00:00:00","2022-06-11 00:00:00","Netflix","","","","2017","","Episode 13",""
"2017-04-21 00:00:00","2022-06-11 00:00:00","Netflix","","","","2017","","Episode 12",""
"2017-04-21 00:00:00","2022-06-11 00:00:00","Netflix","","","","2017","","Episode 11",""
"2017-04-21 00:00:00","2018-08-01 00:00:00","Netflix","","","","2012","","Episode 3",""
"2017-04-14 00:00:00","2021-01-01 00:00:00","Netflix","","","","2016","","What Did you Do?",""
"2017-04-01 00:00:00|2016-02-01 00:00:00","2019-04-01 00:00:00|2019-04-01 00:00:00","Netflix|Netflix","|","","","2014","","The First Day of the Rest of Your Life!",""
"2016-02-01 00:00:00|2017-04-01 00:00:00","2019-04-01 00:00:00|2019-04-01 00:00:00","Netflix|Netflix","|","","","2014","","A Real Icebreaker!",""
"2016-02-01 00:00:00|2017-04-01 00:00:00","2019-04-01 00:00:00|2019-04-01 00:00:00","Netflix|Netflix","|","","","2014","","Making Friends and Influencing Villains!",""
"2016-02-01 00:00:00|2017-04-01 00:00:00","2019-04-01 00:00:00|2019-04-01 00:00:00","Netflix|Netflix","|","","","2014","","An Electrifying Rage!",""
"2017-04-01 00:00:00|2016-02-01 00:00:00","2019-04-01 00:00:00|2019-04-01 00:00:00","Netflix|Netflix","|","","","2014","","A Windswept Encounter!",""
"2017-04-01 00:00:00|2016-02-01 00:00:00","2019-04-01 00:00:00|2019-04-01 00:00:00","Netflix|Netflix","|","","","2014","","A Festival of Decisions!",""
"2017-10-15 00:00:00","2020-10-15 00:00:00","Netflix","","","","2016","","Episode 5",""
"2017-09-30 00:00:00","2022-09-30 00:00:00","Netflix","","","","2017","","Love and Duty",""
"2017-07-31 00:00:00","2022-01-04 00:00:00","Netflix","","","","2017","","War Zone",""
"2017-07-24 00:00:00","2030-12-01 00:00:00","Netflix","","","","2016","","Et Tu, Doctor?",""
"2017-07-21 00:00:00","2030-01-01 00:00:00","Netflix","","","","2017","","Trouble Trouble!",""
"2017-07-21 00:00:00","2030-01-01 00:00:00","Netflix","","","","2017","","Final Klash!",""
"2016-08-31 00:00:00","2030-12-01 00:00:00","Netflix","","","","2016","","Episode 6",""
"2016-08-31 00:00:00","2030-12-01 00:00:00","Netflix","","","","2016","","Episode 5",""
"2016-08-31 00:00:00","2030-12-01 00:00:00","Netflix","","","","2016","","Episode 4",""
"2016-08-31 00:00:00","2030-12-01 00:00:00","Netflix","","","","2016","","Episode 3",""
"2016-08-31 00:00:00","2030-12-01 00:00:00","Netflix","","","","2016","","Episode 2",""
"2016-08-31 00:00:00","2030-12-01 00:00:00","Netflix","","","","2016","","Episode 1",""
"2016-08-18 00:00:00","2018-08-18 00:00:00","Netflix","","","","2015","","The Wonders of Bali",""
"2016-08-18 00:00:00","2018-08-18 00:00:00","Netflix","","","","2015","","Sky Paintings",""
"2016-07-01 00:00:00","2030-01-01 00:00:00","Netflix","","","","2012","","East of Eden",""
"2018-01-12 00:00:00","2018-10-27 00:00:00","Netflix","","","","2016","","Episode 9",""
"2018-01-12 00:00:00","2018-10-27 00:00:00","Netflix","","","","2016","","Episode 8",""
"2018-01-12 00:00:00","2018-10-27 00:00:00","Netflix","","","","2016","","Episode 6",""
"2018-01-12 00:00:00","2018-10-27 00:00:00","Netflix","","","","2016","","Episode 5",""
"2018-01-12 00:00:00","2019-05-12 00:00:00","Netflix","","","","2015","","What's the Alternative?",""
"2018-01-08 00:00:00","2019-07-08 00:00:00","Netflix","","","","2015","","Solent",""
"2018-01-08 00:00:00","2019-07-08 00:00:00","Netflix","","","","2015","","Northern Ireland",""
"2017-12-31 00:00:00","2021-12-31 00:00:00","Netflix","","","","2011","","A Mouse on the Moon (Ex Let's Go to the Moon)",""
"2017-12-31 00:00:00","2021-12-31 00:00:00","Netflix","","","","2011","","Off Road Rats",""
"2017-12-31 00:00:00","2021-12-31 00:00:00","Netflix","","","","2011","","Sea Rats",""
"2017-12-31 00:00:00","2021-12-31 00:00:00","Netflix","","","","2011","","Attack of the Killer Whale",""
"2017-12-31 00:00:00","2021-12-31 00:00:00","Netflix","","","","2011","","The Mummy with No Name",""
"2017-12-29 00:00:00","2019-12-29 00:00:00","Netflix","","","","2006","","London",""
"2017-12-11 00:00:00","2022-05-01 00:00:00","Netflix","","","","2016","","Episode 3",""
"2017-12-11 00:00:00","2022-05-01 00:00:00","Netflix","","","","2016","","Episode 1",""
"2017-11-28 00:00:00","2021-04-22 00:00:00","Netflix","","","","2016","","Beyond Death",""
"2017-11-15 00:00:00","2018-07-15 00:00:00","Netflix","","","","2016","","Pain",""
"2018-06-14 00:00:00","2019-06-14 00:00:00","Netflix","","","","2016","","Episode 1",""
"2018-06-14 00:00:00","2019-06-14 00:00:00","Netflix","","","","2016","","Episode 5",""
"2018-06-14 00:00:00","2019-06-14 00:00:00","Netflix","","","","2016","","Episode 9",""
"2018-06-14 00:00:00","2019-06-14 00:00:00","Netflix","","","","2016","","Episode 13",""
"2018-06-21 00:00:00","2030-12-01 00:00:00","Netflix","","","","2016","","Friends At Last / My Big Cousin",""
"2018-06-21 00:00:00","2030-12-01 00:00:00","Netflix","","","","2016","","Nits / Snowballs",""
"2018-07-01 00:00:00","2030-12-01 00:00:00","Netflix","","","","2014","","Episode 12",""
"2018-07-01 00:00:00","2030-12-01 00:00:00","Netflix","","","","2014","","Episode 6",""
"2018-07-01 00:00:00","2030-12-01 00:00:00","Netflix","","","","2014","","Episode 10",""
"2018-07-01 00:00:00","2030-12-01 00:00:00","Netflix","","","","2014","","Episode 11",""
"2018-07-01 00:00:00","2030-12-01 00:00:00","Netflix","","","","2014","","Episode 9",""
"2018-07-01 00:00:00","2030-12-01 00:00:00","Netflix","","","","2014","","Episode 8",""
"2018-07-01 00:00:00","2030-12-01 00:00:00","Netflix","","","","2014","","Episode 7",""
"2018-07-01 00:00:00","2030-12-01 00:00:00","Netflix","","","","2014","","Episode 5",""
"2018-07-01 00:00:00","2030-12-01 00:00:00","Netflix","","","","2014","","Episode 4",""
"2018-07-01 00:00:00","2030-12-01 00:00:00","Netflix","","","","2014","","Episode 2",""
"2018-07-01 00:00:00","2030-12-01 00:00:00","Netflix","","","","2014","","Episode 3",""
"2018-07-01 00:00:00","2030-12-01 00:00:00","Netflix","","","","2014","","Episode 1",""
"2018-07-01 00:00:00","2030-12-01 00:00:00","Netflix","","","","2014","","Noise",""
"2018-07-01 00:00:00","2030-12-01 00:00:00","Netflix","","","","2014","","Supermarket",""
"2018-07-07 00:00:00","2019-08-06 00:00:00","Netflix","","","","2018","","Box Art",""
"2018-07-07 00:00:00","2019-08-06 00:00:00","Netflix","","","","2018","","ROAR Panels",""
"2018-07-07 00:00:00","2019-08-06 00:00:00","Netflix","","","","2018","","Netflix Logo",""
"2018-07-07 00:00:00","2019-08-06 00:00:00","Netflix","","","","2018","","Skin Tones",""
"2018-07-09 00:00:00","2019-03-09 00:00:00","Netflix","","","","2017","","No Remorse",""
"2018-07-09 00:00:00","2019-03-09 00:00:00","Netflix","","","","2017","","Notorius",""
"2018-10-05 00:00:00","2030-12-01 00:00:00","Netflix","","","","2017","","The Alamo",""
"2018-10-05 00:00:00","2030-12-01 00:00:00","Netflix","","","","2017","","Public Enemy No. 1",""
"2018-10-05 00:00:00","2030-12-01 00:00:00","Netflix","","","","2017","","Karma Chameleon",""
"2018-12-01 00:00:00","2030-01-01 00:00:00","Netflix","","","","2016","","Super-Sized Gekko / Take to the Skies, Owlette",""
"2018-12-01 00:00:00","2030-01-01 00:00:00","Netflix","","","","2016","","Gekko Floats / Catboy's Two Wheeled Wonder",""
"2018-12-01 00:00:00","2020-04-01 00:00:00","Netflix","","","","2016","","Episode 10",""
"2018-12-01 00:00:00","2020-04-01 00:00:00","Netflix","","","","2016","","Episode 7",""
"2018-12-01 00:00:00","2020-04-01 00:00:00","Netflix","","","","2016","","Episode 4",""
"2018-12-01 00:00:00","2020-04-01 00:00:00","Netflix","","","","2016","","Episode 7",""
"2018-12-01 00:00:00","2020-04-01 00:00:00","Netflix","","","","2016","","Episode 16",""
"2020-02-06 00:00:00","2021-02-09 00:00:00","Netflix","","","","2017","","Episode 3",""
"2020-02-06 00:00:00","2021-02-09 00:00:00","Netflix","","","","2017","","Episode 4",""
"2020-02-06 00:00:00","2021-02-09 00:00:00","Netflix","","","","2017","","Episode 14",""
"2020-02-06 00:00:00","2021-02-09 00:00:00","Netflix","","","","2017","","Episode 22",""
"2020-02-29 00:00:00","2030-12-01 00:00:00","Netflix","","","","2017","","Episode 4",""
"2020-02-29 00:00:00","2030-12-01 00:00:00","Netflix","","","","2017","","Episode 6",""
"2020-02-29 00:00:00","2030-12-01 00:00:00","Netflix","","","","2017","","Episode 15",""
"2017-03-31 00:00:00","2019-06-07 00:00:00","Netflix","","","","1990","","Dairy Farm",""
"2017-03-31 00:00:00","2019-06-07 00:00:00","Netflix","","","","1990","","Egon's Ghost",""
"2017-03-31 00:00:00","2019-06-07 00:00:00","Netflix","","","","1990","","Ghostbuster of the Year",""
"2017-03-31 00:00:00","2019-06-07 00:00:00","Netflix","","","","1990","","They Call Me Mister Slimer",""
"2017-03-31 00:00:00","2019-06-07 00:00:00","Netflix","","","","1990","","Ragnarok and Roll",""
"2017-03-31 00:00:00","2019-06-07 00:00:00","Netflix","","","","1990","","Beneath These Streets",""
"2017-03-31 00:00:00","2019-06-07 00:00:00","Netflix","","","","1990","","The Boogieman Cometh",""
"2017-03-31 00:00:00","2019-06-07 00:00:00","Netflix","","","","1990","","Ghosts-r-us!",""
"2017-03-31 00:00:00","2019-06-07 00:00:00","Netflix","","","","1990","","If I Were a Witch Man",""
"2017-03-31 00:00:00","2019-06-07 00:00:00","Netflix","","","","1990","","Live: From Al Capone's Tomb",""
"2017-03-31 00:00:00","2030-12-01 00:00:00","Netflix","","","","2016","","Exes Mark The Spot",""
"2017-03-31 00:00:00","2030-12-01 00:00:00","Netflix","","","","2016","","Deals Undone",""
"2017-03-21 00:00:00","2019-03-30 00:00:00","Netflix","","","","2014","","Josh & Rachel Jackling",""
"2017-03-01 00:00:00","2019-03-01 00:00:00","Netflix","","","","1999","","Episode 2",""
"2017-02-28 00:00:00","2019-02-28 00:00:00","Netflix","","","","2008","","Nearly Assassinated at the Berghof",""
"2017-02-28 00:00:00","2019-02-28 00:00:00","Netflix","","","","2008","","Attempt to Kill Hitler at the Wolf's Lair",""
"2017-02-28 00:00:00","2019-05-15 00:00:00","Netflix","","","","2006","","Milk Bomb",""
"2017-02-28 00:00:00","2019-05-15 00:00:00","Netflix","","","","2015","","Hertfordshire 2",""
"2017-02-28 00:00:00","2019-02-28 00:00:00","Netflix","","","","2014","","Wyre Forest",""
"2017-02-28 00:00:00","2019-02-28 00:00:00","Netflix","","","","2014","","West Sussex",""
"2017-02-28 00:00:00","2019-02-28 00:00:00","Netflix","","","","2014","","Tiverton",""
"2017-01-18 00:00:00","2018-10-29 00:00:00","Netflix","","","","2008","","Jonty Hearnden v Paul Hayes – Auction",""
"2017-01-18 00:00:00","2018-10-29 00:00:00","Netflix","","","","2008","","Eric v Paul: Car Boot",""
"2017-01-18 00:00:00","2019-07-08 00:00:00","Netflix","","","","2014","","Dying for Baby",""
"2017-01-15 00:00:00","2021-01-01 00:00:00","Netflix","","","","2011","","Perfect Blue/ Sunbeams",""
"2016-12-31 00:00:00","2019-03-30 00:00:00","Netflix","","","","2013","","Blizzards",""
"2016-12-31 00:00:00","2018-10-29 00:00:00","Netflix","","","","2010","","The Haunting and the Hoe-down",""
"2016-12-31 00:00:00","2018-06-30 00:00:00","Netflix","","","","2011","","Glynllifon",""
"2016-12-31 00:00:00","2018-06-30 00:00:00","Netflix","","","","2013","","Lights Out",""
"2016-12-31 00:00:00","2019-03-30 00:00:00","Netflix","","","","2012","","Deaths in New York",""
"2016-12-31 00:00:00","2018-06-30 00:00:00","Netflix","","","","2009","","The Butler and his Apprentice",""
"2018-06-01 00:00:00","2020-08-01 00:00:00","Netflix","","","","2016","","Season 1, Episode 10",""
"2018-06-01 00:00:00","2019-06-01 00:00:00","Netflix","","","","2014","","Numbers Game",""
"2018-06-01 00:00:00","2019-06-01 00:00:00","Netflix","","","","2014","","Wrecked",""
"2018-06-01 00:00:00","2019-06-01 00:00:00","Netflix","","","","2016","","Morocco",""
"2018-05-22 00:00:00","2019-05-22 00:00:00","Netflix","","","","2013","","O Brother, I Hate Thou",""
"2018-05-22 00:00:00","2019-05-22 00:00:00","Netflix","","","","2013","","Safes & Snakes",""
"2018-05-22 00:00:00","2019-06-05 00:00:00","Netflix","","","","2015","","Ballywalter Park",""
"2018-05-22 00:00:00","2019-06-05 00:00:00","Netflix","","","","2015","","Birr Castle",""
"2018-05-21 00:00:00","2019-05-22 00:00:00","Netflix","","","","2012","","Episode 9",""
"2018-04-30 00:00:00","2030-01-01 00:00:00","Netflix","","","","2017","","Episode 29",""
"2018-04-30 00:00:00","2030-01-01 00:00:00","Netflix","","","","2017","","Episode 17",""
"2018-04-30 00:00:00","2030-01-01 00:00:00","Netflix","","","","2017","","Episode 13",""
"2018-04-16 00:00:00","2018-12-17 00:00:00","Netflix","","","","2017","","Wombmates",""
"2018-04-14 00:00:00","2030-01-01 00:00:00","Netflix","","","","1969","","Michael Ellis",""
"2018-04-14 00:00:00","2030-01-01 00:00:00","Netflix","","","","1969","","Untitled",""
"2018-04-02 00:00:00","2019-04-01 00:00:00","Netflix","","","","2016","","Episode 2",""
"2018-04-01 00:00:00","2020-04-01 00:00:00","Netflix","","","","2016","","Georgian Terrace",""
"2018-04-01 00:00:00","2020-04-01 00:00:00","Netflix","","","","2016","","Converted Leisure Centre",""
"2018-04-01 00:00:00","2018-12-01 00:00:00","Netflix","","","","2012","","Episode 9",""
"2018-04-01 00:00:00","2022-06-10 00:00:00","Netflix","","","","2017","","Episode 1",""
"2018-04-01 00:00:00","2030-01-01 00:00:00","Netflix","","","","2016","","Episode 3",""
"2018-03-31 00:00:00","2020-04-15 00:00:00","Netflix","","","","2014","","Chapter 8: Babes in the Wood",""
"2018-03-31 00:00:00","2020-04-15 00:00:00","Netflix","","","","2014","","Chapter 2: Hard Times at the Huskin' Bee",""
"2018-03-31 00:00:00","2021-03-31 00:00:00","Netflix","","","","2015","","Foxi's Girlfriend / Prison Break / Deeka's Birthday Party",""
"2018-03-31 00:00:00","2021-03-31 00:00:00","Netflix","","","","2015","","Episode 34",""
"2018-03-31 00:00:00","2021-03-31 00:00:00","Netflix","","","","2015","","Episode 32",""
"2018-03-31 00:00:00","2021-03-31 00:00:00","Netflix","","","","2015","","Episode 21",""
"2018-03-31 00:00:00","2021-03-31 00:00:00","Netflix","","","","2015","","Episode 20",""
"2018-03-31 00:00:00","2021-03-31 00:00:00","Netflix","","","","2015","","Episode 32",""
"2018-03-31 00:00:00","2021-03-31 00:00:00","Netflix","","","","2015","","Episode 29",""
"2018-03-31 00:00:00","2021-03-31 00:00:00","Netflix","","","","2015","","Episode 4",""
"2018-03-15 00:00:00","2022-02-01 00:00:00","Netflix","","","","2016","","Episode 27",""
"2018-03-15 00:00:00","2022-02-01 00:00:00","Netflix","","","","2016","","Episode 24",""
"2018-02-27 00:00:00","2019-07-06 00:00:00","Netflix","","","","2012","","Extreme Horsepower",""
"2016-05-01 00:00:00","2030-12-01 00:00:00","Netflix","","","","2014","","Episode 12",""
"2016-05-01 00:00:00","2030-12-01 00:00:00","Netflix","","","","2014","","Episode 3",""
"2019-12-15 00:00:00","2021-12-15 00:00:00","Netflix","","","","2015","","El Oso",""
"2019-12-15 00:00:00","2021-12-15 00:00:00","Netflix","","","","2015","","Wingmen",""
"2019-12-15 00:00:00","2021-12-15 00:00:00","Netflix","","","","2015","","Braces",""
"2019-12-15 00:00:00","2021-12-15 00:00:00","Netflix","","","","2015","","Imaginary Friend",""
"2019-12-15 00:00:00","2021-12-15 00:00:00","Netflix","","","","2015","","Tunnels",""
"2019-12-15 00:00:00","2021-12-15 00:00:00","Netflix","","","","2015","","The Gym",""
"2019-12-15 00:00:00","2021-12-15 00:00:00","Netflix","","","","2015","","Snake Babies",""
"2019-12-15 00:00:00","2021-12-15 00:00:00","Netflix","","","","2015","","Cousin Jon",""
"2019-12-15 00:00:00","2021-12-15 00:00:00","Netflix","","","","2015","","Band of Outsiders",""
"2019-12-15 00:00:00","2021-12-15 00:00:00","Netflix","","","","2015","","Tabes & Charlie",""
"2019-12-31 00:00:00","2021-12-31 00:00:00","Netflix","","","","2018","","Finding the rhythm in Cuba",""
"2019-12-31 00:00:00","2021-12-31 00:00:00","Netflix","","","","2018","","Stanley’s Family Reunion",""
"2019-12-31 00:00:00","2021-12-31 00:00:00","Netflix","","","","2018","","A Sweet Time in Scotland",""
"2019-12-31 00:00:00","2021-12-31 00:00:00","Netflix","","","","2018","","Loose Tooth in London",""
"2019-12-31 00:00:00","2021-12-31 00:00:00","Netflix","","","","2018","","Catnap in Iceland",""
"2019-12-31 00:00:00","2021-12-31 00:00:00","Netflix","","","","2018","","A tasty trip to Vietnam",""
"2020-01-01 00:00:00","2030-01-01 00:00:00","Netflix","","","","2015","","Animals",""
"2016-12-20 00:00:00","2021-12-19 00:00:00","Netflix","","","","2014","","Episode 44",""
"2016-12-20 00:00:00","2021-12-19 00:00:00","Netflix","","","","2014","","Episode 9",""
"2016-12-20 00:00:00","2021-12-19 00:00:00","Netflix","","","","2014","","Episode 3",""
"2016-12-15 00:00:00","2019-09-30 00:00:00","Netflix","","","","2016","","Gotta Be Strong",""
"2016-12-15 00:00:00","2019-09-30 00:00:00","Netflix","","","","2016","","Fallout",""
"2016-12-14 00:00:00","2030-12-01 00:00:00","Netflix","","","","2015","","Episode 8",""
"2016-12-14 00:00:00","2018-12-15 00:00:00","Netflix","","","","2015","","Episode 6",""
"2016-12-14 00:00:00","2018-12-15 00:00:00","Netflix","","","","2015","","Episode 8",""
"2016-12-14 00:00:00","2018-06-15 00:00:00","Netflix","","","","2012","","Episode 7",""
"2016-12-14 00:00:00","2018-06-15 00:00:00","Netflix","","","","2012","","Episode 5",""
"2016-12-14 00:00:00","2018-06-15 00:00:00","Netflix","","","","2012","","Episode 4",""
"2016-12-14 00:00:00","2018-06-15 00:00:00","Netflix","","","","2012","","Episode 3",""
"2016-12-14 00:00:00","2021-12-15 00:00:00","Netflix","","","","2016","","Episode 56",""
"2016-12-14 00:00:00","2021-12-15 00:00:00","Netflix","","","","2016","","Episode 55",""
"2016-12-01 00:00:00","2030-01-01 00:00:00","Netflix","","","","2011","","Geek Squad",""
"2016-11-29 00:00:00","2030-12-01 00:00:00","Netflix","","","","2013","","Episode 1",""
"2016-11-15 00:00:00","2021-08-02 00:00:00","Netflix","","","","2016","","The Road to Revolution",""
"2016-11-15 00:00:00","2019-07-01 00:00:00","Netflix","","","","2014","","Flying Kites / Ice Sculptures / Saving the Bonfire",""
"2016-11-15 00:00:00","2019-07-01 00:00:00","Netflix","","","","2014","","King of the Jungle / Hiccups / Strange Vines",""
"2016-11-15 00:00:00","2019-07-01 00:00:00","Netflix","","","","2014","","A Little Armadillo / Nemo in a Swamp / A Monster Plant",""
"2016-11-15 00:00:00","2019-07-01 00:00:00","Netflix","","","","2014","","Hello, Nancy! / Love Story / A Horrible Vacation / About Nancy",""
"2016-11-15 00:00:00","2019-07-01 00:00:00","Netflix","","","","2014","","Moses Basket / Pair Skating / Gomtang Band / The Grim Reaper",""
"2016-11-06 00:00:00","2022-04-27 00:00:00","Netflix","","","","2015","","Se Cierra el Círculo",""
"2016-10-15 00:00:00","2021-02-01 00:00:00","Netflix","","","","2016","","Receipe For Disaster",""
"2016-10-15 00:00:00","2021-02-01 00:00:00","Netflix","","","","2016","","Besties 4Eva!",""
"2016-10-15 00:00:00","2030-01-01 00:00:00","Netflix","","","","2013","","Wrong Floor / Sharpest Shooter / Magic Matchup / Light Dance / Mighty Delivery / Whistle / Camp Out ",""
"2016-10-15 00:00:00","2030-01-01 00:00:00","Netflix","","","","2013","","Batter Up / The Mime / Scared Sick / Lost Piggy / Final Curtain / Build-A-Blue / The Hatchonaut / Th",""
"2016-10-15 00:00:00","2020-11-01 00:00:00","Netflix","","","","2016","","Episode 1",""
"2016-10-01 00:00:00","2020-09-01 00:00:00","Netflix","","","","2016","","Not All Fun & Games",""
"2016-10-01 00:00:00","2020-09-01 00:00:00","Netflix","","","","2016","","New Dimensions",""
"2016-10-01 00:00:00","2020-09-01 00:00:00","Netflix","","","","2016","","Natural Beauty",""
"2016-10-01 00:00:00","2020-09-01 00:00:00","Netflix","","","","2016","","The Grand Illusion",""
"2016-10-01 00:00:00","2020-09-01 00:00:00","Netflix","","","","2016","","I’m Steampunk'd",""
"2016-10-01 00:00:00","2020-09-01 00:00:00","Netflix","","","","2016","","Skintastic Celebration",""
"2016-10-01 00:00:00","2020-09-01 00:00:00","Netflix","","","","2016","","Big Time Big Top",""
"2016-10-01 00:00:00","2020-09-01 00:00:00","Netflix","","","","2016","","Man vs. Machine",""
"2016-10-01 00:00:00","2020-09-01 00:00:00","Netflix","","","","2016","","Emotional Rollercoaster",""
"2016-10-01 00:00:00","2020-09-01 00:00:00","Netflix","","","","2016","","Body & Soul",""
"2016-10-01 00:00:00","2020-09-01 00:00:00","Netflix","","","","2016","","Sweet & Savory",""
"2016-10-01 00:00:00","2020-09-01 00:00:00","Netflix","","","","2016","","Musical Harmony",""
"2019-11-24 00:00:00","2022-11-23 00:00:00","Netflix","","","","2017","","Episode 13",""
"2019-09-01 00:00:00","2030-12-01 00:00:00","Netflix","","","","2017","","Frankenstunt / What About Blob?",""
"2019-09-01 00:00:00","2030-12-01 00:00:00","Netflix","","","","2017","","Wendy Big & Tall / Doopelfanger",""
"2019-09-25 00:00:00","2030-12-01 00:00:00","Netflix","","","","2018","","Episode 2",""
"2019-09-25 00:00:00","2021-10-02 00:00:00","Netflix","","","","2015","","Episode 12",""
"2019-09-25 00:00:00","2021-10-02 00:00:00","Netflix","","","","2015","","Episode 7",""
"2019-09-25 00:00:00","2021-10-02 00:00:00","Netflix","","","","2015","","Episode 6",""
"2019-09-25 00:00:00","2030-12-01 00:00:00","Netflix","","","","2017","","Episode 6",""
"2019-09-25 00:00:00","2030-12-01 00:00:00","Netflix","","","","2017","","Episode 15",""
"2019-09-25 00:00:00","2030-12-01 00:00:00","Netflix","","","","2017","","Episode 4",""
"2019-09-25 00:00:00","2022-09-01 00:00:00","Netflix","","","","2017","","It Takes Two",""
"2019-09-25 00:00:00","2022-09-01 00:00:00","Netflix","","","","2017","","Garden Cuddlio",""
"2019-09-25 00:00:00","2022-09-01 00:00:00","Netflix","","","","2017","","Gown With the Wind",""
"2019-09-25 00:00:00","2022-09-01 00:00:00","Netflix","","","","2017","","Snow's Amnesia - Part 2",""
"2019-09-25 00:00:00","2021-10-02 00:00:00","Netflix","","","","2015","","Episode 12",""
"2019-09-25 00:00:00","2021-10-02 00:00:00","Netflix","","","","2015","","Episode 7",""
